"X671","X822"
671,822
585,911
292,455
646,227
573,613
286,306
643,153
821,76
910,38
955,19
477,9
238,4
369,502
184,251
592,125
296,62
148,31
324,515
162,257
581,128
540,564
520,782
760,391
880,195
440,97
220,48
110,24
555,12
527,506
263,253
631,126
315,63
657,31
828,15
664,507
832,253
916,126
708,563
354,281
427,640
713,320
606,660
553,830
276,415
388,707
194,353
97,176
548,88
774,44
387,22
193,11
96,5
548,2
274,1
137,0
68,0
34,0
17,0
258,500
629,250
814,125
657,562
578,781
539,890
269,445
634,222
317,111
658,55
329,27
664,13
582,506
541,753
770,376
885,188
442,94
221,47
360,523
180,261
340,630
170,315
335,657
167,328
333,664
416,832
458,916
729,458
364,229
182,114
591,57
295,28
647,14
323,7
661,3
580,501
790,250
395,125
447,562
723,281
861,140
430,70
215,35
607,17
553,508
776,254
388,127
444,563
722,281
611,640
305,320
402,660
451,830
475,915
487,957
743,478
871,239
685,619
842,309
921,154
960,77
480,38
740,19
370,9
185,4
92,2
46,1
523,0
761,0
630,500
565,750
282,375
641,187
320,93
660,46
830,23
665,511
582,755
291,377
395,688
447,844
723,422
861,211
680,605
340,302
670,151
585,575
292,287
146,143
573,71
536,535
768,267
384,133
692,66
846,33
923,16
711,508
355,254
177,127
338,563
419,781
709,390
604,695
302,347
651,173
825,86
412,43
706,21
603,510
551,755
275,377
637,188
818,94
659,547
579,773
289,386
144,193
322,596
661,298
330,149
665,74
582,537
291,268
645,134
572,567
286,283
393,641
696,320
348,160
424,580
712,290
606,645
303,322
151,161
575,80
287,40
393,520
696,260
848,130
424,65
212,32
606,16
803,8
901,4
950,2
475,1
737,0
368,0
184,0
342,500
671,250
835,125
917,62
708,531
854,265
927,132
713,566
606,783
303,391
151,195
575,97
787,48
893,24
696,512
848,256
674,628
337,314
668,157
334,78
167,39
583,19
791,9
895,4
947,2
473,1
736,0
868,0
684,500
342,250
171,125
335,562
167,281
333,640
166,320
83,160
541,80
270,40
135,20
67,10
533,5
266,2
383,501
441,750
470,875
485,937
492,968
746,484
873,242
936,121
468,60
234,30
367,515
433,757
466,878
233,439
116,219
558,109
279,54
389,527
694,263
597,631
298,315
149,157
574,78
287,39
143,19
571,9
785,4
642,502
321,251
410,625
205,312
102,156
551,78
775,39
387,19
693,9
846,4
923,2
711,501
355,250
677,125
838,62
919,31
959,15
979,7
489,3
244,1
122,0
311,500
655,250
827,125
413,62
206,31
353,515
676,257
338,128
419,564
459,782
479,891
739,445
369,222
184,111
592,55
296,27
648,13
574,506
537,753
768,376
384,188
192,94
96,47
548,23
524,511
262,255
631,127
315,63
157,31
578,15
539,507
519,753
259,376
129,188
64,94
32,47
266,523
133,261
566,130
283,65
391,532
445,766
722,383
861,191
680,595
840,297
670,648
835,324
917,162
958,81
479,40
239,20
619,10
309,5
154,2
77,1
538,0
269,0
134,0
317,500
658,250
829,125
414,62
207,31
353,515
176,257
88,128
44,64
522,32
511,516
255,258
127,129
563,64
281,32
390,516
195,258
597,129
798,64
899,32
449,16
724,8
612,504
806,252
903,126
701,563
600,781
300,390
150,195
325,597
162,298
331,649
415,824
457,912
728,456
864,228
682,614
341,307
420,653
210,326
105,163
552,81
776,40
388,20
444,510
222,255
361,627
180,313
340,656
170,328
335,664
667,332
583,666
791,333
645,666
822,333
411,166
705,83
602,541
301,270
400,635
700,317
600,658
550,829
525,914
762,457
631,728
315,364
657,182
328,91
164,45
82,22
291,511
145,255
72,127
36,63
518,31
509,515
254,257
127,128
63,64
281,532
390,766
195,383
597,191
548,595
274,297
387,648
693,324
846,162
673,581
586,790
293,395
396,697
448,848
474,924
237,462
368,731
184,365
592,182
296,91
148,45
574,22
287,11
393,505
446,752
473,876
486,938
743,469
871,234
435,117
717,58
858,29
679,514
839,257
419,128
209,64
104,32
302,516
151,258
325,629
412,814
706,407
353,203
176,101
588,50
794,25
897,12
948,6
474,3
237,1
618,0
809,0
404,0
452,500
226,250
613,125
556,562
278,281
139,140
69,70
534,35
267,17
633,8
566,504
533,752
516,876
758,438
379,219
439,609
719,304
859,152
929,76
714,538
607,769
803,384
401,192
450,596
225,298
612,149
556,574
528,787
264,393
382,696
441,848
220,424
110,212
555,106
277,53
388,526
694,263
847,131
673,565
586,782
293,391
146,195
73,97
536,48
518,524
509,762
504,881
502,940
501,970
250,485
375,742
437,871
218,435
359,717
679,358
839,179
919,89
959,44
979,22
489,11
244,5
372,502
186,251
593,125
296,62
648,31
324,15
412,507
456,753
228,376
364,688
182,344
91,172
45,86
22,43
511,21
755,10
377,5
188,2
94,1
547,0
773,0
636,500
318,250
159,125
579,62
289,31
644,15
322,7
411,503
205,251
602,125
301,62
650,31
575,515
787,257
643,628
571,814
785,407
392,203
196,101
598,50
799,25
399,12
699,6
599,503
549,751
274,375
137,187
68,93
34,46
17,23
508,11
504,505
752,252
376,126
688,63
844,31
672,515
336,257
668,128
584,564
542,782
271,391
635,195
817,97
908,48
954,24
477,12
738,6
619,503
559,751
779,375
389,187
444,593
472,796
736,398
368,199
434,599
467,799
733,399
366,199
433,599
716,299
608,649
554,824
777,412
888,206
944,103
722,551
611,775
555,887
277,443
138,221
69,110
284,555
142,277
321,638
410,819
205,409
602,204
801,102
900,51
950,25
725,512
362,256
181,128
590,64
795,32
897,16
448,8
224,4
362,502
681,251
840,125
670,562
335,281
667,140
833,70
666,535
333,267
666,133
833,66
916,33
958,16
979,8
739,504
369,252
184,126
342,563
421,781
710,390
605,695
552,847
776,423
388,211
194,105
597,52
798,26
899,13
449,6
224,3
112,1
556,0
528,500
764,250
382,125
191,62
595,31
547,515
523,757
511,878
755,439
877,219
438,109
219,54
109,27
554,13
277,6
638,3
569,501
784,250
642,625
571,812
535,906
767,453
633,726
316,363
658,181
829,90
914,45
957,22
728,511
364,255
432,627
466,813
233,406
366,703
433,851
716,425
608,712
554,856
777,428
888,214
944,107
472,53
236,26
118,13
309,506
154,253
327,626
663,313
831,156
415,78
707,39
353,19
176,9
588,4
794,2
647,501
823,250
911,125
705,562
602,781
551,890
525,945
762,472
631,736
315,368
657,184
828,92
414,46
707,23
853,11
676,505
338,252
169,126
584,63
792,31
396,15
198,7
599,3
549,501
774,250
387,125
443,562
721,281
610,640
305,320
402,660
201,330
600,165
550,582
775,291
637,645
818,322
409,161
204,80
352,540
176,270
88,135
294,567
397,783
448,891
474,945
237,472
618,236
559,618
529,809
264,404
132,202
316,601
658,300
829,150
414,75
207,37
603,18
551,509
525,754
762,377
631,688
815,344
407,172
703,86
601,543
550,771
775,385
887,192
693,596
846,298
923,149
461,74
230,37
115,18
307,509
153,254
326,627
663,313
831,156
665,578
582,789
541,894
270,447
385,723
192,361
96,180
548,90
774,45
387,22
693,11
596,505
548,752
774,376
887,188
443,94
221,47
610,23
305,11
152,5
576,2
538,501
269,250
634,125
817,62
908,31
954,15
977,7
488,3
494,501
747,250
373,125
186,62
343,531
421,765
460,882
230,441
615,220
807,110
403,55
201,27
100,13
50,6
275,503
137,251
68,125
284,562
142,281
71,140
535,70
767,35
883,17
941,8
720,504
860,252
930,126
965,63
482,31
741,15
620,507
810,253
905,126
702,563
601,781
550,890
275,445
637,222
568,611
534,805
767,402
383,201
191,100
95,50
47,25
523,12
761,6
380,3
440,501
720,250
610,625
805,312
402,156
451,578
475,789
737,394
618,697
309,348
654,174
577,587
788,293
394,146
447,573
223,286
611,143
805,71
902,35
451,17
225,8
612,4
306,2
403,501
451,750
725,375
612,687
806,343
903,171
951,85
475,42
737,21
868,10
934,5
467,2
233,1
366,500
433,750
466,875
483,937
741,468
620,734
810,367
405,183
702,91
601,545
550,772
525,886
762,443
381,221
190,110
345,555
672,277
836,138
918,69
459,34
229,17
364,508
432,754
466,877
233,438
616,219
558,609
529,804
514,902
757,451
378,225
439,612
469,806
484,903
742,451
621,725
560,862
280,431
140,215
320,607
660,303
580,651
540,825
770,412
635,706
567,853
533,926
266,463
633,231
566,615
533,807
516,903
758,451
629,725
314,362
407,681
703,340
601,670
800,335
400,167
700,83
600,541
550,770
275,385
137,192
68,96
534,48
767,24
383,12
441,506
220,253
360,626
430,813
215,406
357,703
178,351
589,175
294,87
147,43
323,521
411,760
455,880
227,440
363,720
681,360
340,180
670,90
335,45
417,522
458,761
229,380
364,690
182,345
591,172
545,586
522,793
261,396
130,198
65,99
532,49
516,524
258,262
129,131
64,65
32,32
266,516
633,258
316,129
658,64
329,32
414,516
707,258
603,629
301,314
400,657
200,328
100,164
300,582
650,291
825,145
912,72
456,36
728,18
864,9
682,504
841,252
420,126
460,563
230,281
615,140
557,570
528,785
514,892
757,446
628,723
314,361
407,680
703,340
851,170
675,585
337,292
168,146
584,73
292,36
646,18
573,509
286,254
393,627
196,313
98,156
49,78
274,539
137,269
568,134
784,67
392,33
446,516
723,258
361,129
180,64
90,32
295,516
647,258
823,129
911,64
955,32
727,516
613,758
306,379
403,689
701,344
850,172
925,86
712,543
856,271
678,635
839,317
669,658
834,329
417,164
208,82
104,41
552,20
276,10
388,505
194,252
597,126
548,563
524,781
262,390
131,195
565,97
782,48
641,524
570,762
785,381
392,190
696,95
348,47
674,23
837,11
418,5
209,2
104,1
552,0
526,500
763,250
631,625
315,312
657,156
328,78
414,539
457,769
478,884
739,442
369,221
434,610
717,305
608,652
804,326
402,163
701,81
350,40
425,520
712,260
856,130
428,65
464,532
232,266
116,133
308,566
154,283
577,141
788,70
894,35
697,517
348,258
174,129
87,64
43,32
271,516
635,258
567,629
533,814
766,407
383,203
691,101
595,550
297,275
148,137
574,68
537,534
768,267
384,133
442,566
221,283
110,141
305,570
152,285
576,142
788,71
394,35
447,517
723,258
361,129
180,64
590,32
545,516
522,758
261,379
630,189
815,94
657,547
328,273
664,136
332,68
666,34
333,17
166,8
83,4
541,2
520,501
260,250
630,125
815,62
407,31
703,15
601,507
800,253
900,126
700,563
350,281
425,640
462,820
731,410
365,205
432,602
716,301
608,650
554,825
777,412
388,206
694,103
847,51
923,25
461,12
480,506
740,253
370,126
435,563
717,281
608,640
804,320
402,160
201,80
350,540
425,770
462,885
481,942
490,971
745,485
372,242
186,121
593,60
296,30
148,15
324,507
662,253
831,126
665,563
832,281
416,140
208,70
354,535
177,267
588,133
794,66
397,33
698,16
349,8
674,4
587,502
793,251
896,125
448,62
474,531
487,765
493,882
746,441
873,220
936,110
468,55
734,27
367,13
433,506
716,253
608,626
554,813
777,406
888,203
694,601
347,300
673,150
836,75
668,537
584,768
292,384
146,192
573,96
786,48
393,24
696,12
598,506
299,253
399,626
699,313
349,156
424,578
462,789
231,394
615,197
807,98
903,49
951,24
975,12
487,6
243,3
621,1
560,500
280,250
390,625
695,312
597,656
548,828
274,414
137,207
568,103
784,51
642,525
321,262
410,631
455,815
477,907
738,453
869,226
684,613
342,306
671,153
335,76
667,38
583,519
291,259
145,129
72,64
536,32
268,16
134,8
67,4
533,2
766,1
383,0
441,500
220,250
360,625
430,812
215,406
107,203
53,101
276,550
138,275
569,137
534,568
767,284
383,142
691,71
595,535
797,267
898,133
949,66
724,533
612,766
556,883
278,441
639,220
319,110
659,55
829,27
914,13
457,6
478,503
239,251
369,625
184,312
92,156
46,78
23,39
511,19
505,509
752,254
876,127
938,63
719,531
359,265
679,132
589,566
544,783
772,391
886,195
443,97
471,548
735,274
367,137
183,68
91,34
45,17
22,8
11,4
505,2
502,501
501,750
500,875
750,437
375,218
687,109
343,54
671,27
835,13
417,6
458,503
479,751
489,875
494,937
247,468
373,734
186,367
593,183
296,91
648,45
574,522
287,261
393,630
696,315
848,157
424,78
212,39
356,519
678,259
589,629
544,814
522,907
261,453
630,226
315,113
157,56
78,28
39,14
519,7
759,3
379,1
689,0
344,0
172,0
86,0
293,500
646,250
323,125
411,562
705,281
352,140
426,570
463,785
231,392
115,196
307,598
653,299
576,649
788,324
394,162
697,81
598,540
549,770
774,385
637,692
318,346
159,173
579,86
289,43
144,21
72,10
536,5
768,2
634,501
567,750
783,375
391,187
695,93
847,46
923,23
961,11
480,5
240,2
120,1
560,0
780,0
640,500
320,250
410,625
455,812
227,406
613,203
306,101
653,50
576,525
538,762
519,881
509,940
754,470
877,235
688,617
594,808
297,404
648,202
574,601
787,300
393,150
196,75
98,37
549,18
274,9
637,4
818,2
909,1
954,0
727,500
363,250
181,125
340,562
170,281
85,140
42,70
21,35
510,17
255,8
127,4
563,2
281,1
390,500
695,250
347,125
423,562
211,281
105,140
552,70
526,535
513,767
756,383
878,191
939,95
469,47
484,523
742,261
871,130
685,565
592,782
296,391
148,195
324,597
662,298
331,149
415,574
207,287
103,143
551,71
275,35
137,17
568,8
784,4
642,502
571,751
785,375
892,187
446,93
723,46
611,523
305,261
652,130
326,65
413,532
206,266
103,133
301,566
400,783
450,891
725,445
612,722
556,861
778,430
639,715
819,357
659,678
829,339
414,169
207,84
603,42
801,21
650,510
325,255
662,127
331,63
665,31
832,15
416,7
458,503
479,751
739,375
619,687
559,843
279,421
139,210
319,605
159,302
579,151
539,575
519,787
759,393
379,196
189,98
94,49
297,524
148,262
574,131
287,65
143,32
571,16
535,508
267,254
133,127
566,63
533,531
516,765
758,382
629,691
314,345
407,672
453,836
476,918
238,459
619,229
809,114
654,557
827,278
913,139
456,69
728,34
614,517
307,258
153,129
76,64
538,32
519,516
509,758
504,879
252,439
626,219
313,109
156,54
578,27
539,513
269,256
134,128
317,564
158,282
79,141
289,570
644,285
322,142
411,571
455,785
227,392
113,196
306,598
153,299
326,649
413,824
706,412
603,706
301,353
150,176
575,88
787,44
643,522
571,761
535,880
767,440
383,220
441,610
220,305
110,152
55,76
277,538
388,769
694,384
847,192
423,96
211,48
355,524
677,262
338,131
419,565
709,282
354,141
677,70
338,35
669,17
584,508
792,254
896,127
948,63
724,531
862,265
431,132
465,566
732,283
366,141
433,570
716,285
358,142
679,71
589,535
294,267
647,133
573,566
786,283
643,641
321,320
660,160
330,80
165,40
82,20
291,510
645,255
822,127
411,63
705,31
602,515
801,257
900,128
450,64
225,32
362,516
681,258
590,629
295,314
147,157
573,78
786,39
643,519
821,259
660,629
330,314
165,157
82,78
41,39
20,19
260,509
130,254
565,127
782,63
641,531
320,265
410,632
705,316
852,158
426,79
213,39
106,19
53,9
276,504
138,252
69,126
284,563
642,281
321,140
160,70
80,35
540,17
520,508
260,254
380,627
190,313
95,156
47,78
273,539
636,269
568,634
784,317
642,658
571,829
785,414
642,707
321,353
410,676
705,338
602,669
301,334
150,167
325,583
662,291
331,145
415,572
707,286
853,143
676,571
838,285
419,142
459,571
729,285
364,142
682,71
591,535
295,267
647,133
823,66
661,533
580,766
540,883
270,441
135,220
317,610
158,305
79,152
39,76
269,538
634,269
817,134
658,567
579,783
289,391
394,695
197,347
598,173
799,86
649,543
824,271
662,635
581,817
540,908
270,454
635,227
317,113
658,56
579,528
289,264
644,132
572,566
786,283
393,141
446,570
473,785
236,392
118,196
309,598
154,299
327,649
163,324
81,162
290,581
145,290
572,145
536,572
768,286
634,643
567,821
283,410
391,705
445,852
722,426
361,213
180,106
590,53
295,26
397,513
448,756
724,378
362,189
181,94
90,47
45,23
272,511
386,755
693,377
346,188
173,94
86,47
543,23
521,511
760,255
880,127
440,63
220,31
110,15
305,507
652,253
826,126
913,63
956,31
478,15
239,7
119,3
59,1
279,500
639,250
319,125
659,62
579,531
789,265
394,132
447,566
473,783
486,891
743,445
371,222
185,111
592,55
546,527
273,263
136,131
568,65
534,532
267,266
383,633
691,316
345,158
422,579
711,289
855,144
927,72
713,536
356,268
428,634
714,317
607,658
553,829
776,414
888,207
944,103
722,551
861,275
930,137
965,68
482,34
491,517
745,258
622,629
311,314
405,657
202,328
601,164
550,582
275,291
137,145
318,572
409,786
704,393
602,696
301,348
400,674
700,337
850,168
925,84
962,42
731,521
865,260
682,630
841,315
670,657
835,328
917,164
458,82
729,41
364,20
432,510
466,755
483,877
241,438
620,219
560,609
780,304
890,152
445,76
722,38
861,19
930,9
715,504
357,252
678,126
589,563
294,281
397,640
698,320
849,160
424,80
712,40
856,20
928,10
964,5
482,2
241,1
620,0
560,500
280,250
640,125
320,62
160,31
580,15
540,507
520,753
260,376
130,188
565,94
282,47
391,523
695,261
597,630
548,815
274,407
137,203
318,601
159,300
329,650
414,825
457,912
478,956
239,478
369,739
684,369
342,184
171,92
85,46
42,23
521,11
260,5
630,2
315,1
407,500
703,250
351,125
175,62
337,531
168,265
84,132
542,66
521,533
260,266
630,133
565,566
532,783
766,391
633,695
316,347
158,173
579,86
289,43
144,21
322,510
161,255
580,127
290,63
145,31
572,15
786,7
393,3
196,1
598,0
799,0
399,0
199,0
99,0
299,500
149,250
74,125
537,62
768,31
634,515
567,757
283,378
641,189
820,94
410,47
705,23
352,11
176,5
88,2
544,1
522,500
761,250
880,125
940,62
720,531
610,765
805,382
652,691
826,345
413,172
706,86
353,43
426,521
713,260
356,130
178,65
89,32
44,16
522,8
761,4
380,2
190,1
345,500
672,250
586,625
293,312
396,656
198,328
349,664
674,332
337,166
168,83
334,541
667,270
333,135
416,567
708,283
354,141
677,70
588,535
794,267
647,633
573,816
286,408
643,204
571,602
785,301
392,150
696,75
348,37
674,18
337,9
668,4
584,502
292,251
146,125
323,562
161,281
80,140
540,70
520,535
510,767
255,383
627,191
813,95
406,47
453,523
476,761
488,880
744,440
622,720
811,360
905,180
452,90
476,545
488,772
494,886
497,943
498,971
499,985
749,492
874,246
437,123
468,561
734,280
367,140
433,570
716,285
358,142
679,71
839,35
919,17
959,8
479,4
489,502
494,751
747,375
873,187
936,93
968,46
484,23
492,511
496,755
498,877
749,438
374,219
437,609
468,804
734,402
367,201
183,100
91,50
295,525
147,262
573,131
536,565
268,282
384,641
192,320
596,160
548,580
524,790
512,895
506,947
503,973
501,986
750,493
375,246
187,123
93,61
546,30
773,15
636,507
568,753
784,376
392,188
696,94
848,47
424,23
462,511
481,755
740,377
370,188
685,94
342,47
171,23
335,511
667,255
583,627
291,313
145,156
322,578
411,789
205,394
102,197
301,598
650,299
575,649
787,324
393,162
696,81
348,40
424,520
462,760
731,380
615,690
557,845
528,922
764,461
382,230
441,615
470,807
735,403
367,201
683,100
341,50
420,525
210,262
105,131
552,65
276,32
638,16
819,8
409,4
704,2
602,501
551,750
775,375
887,187
443,93
471,546
485,773
492,886
746,443
623,721
811,360
655,680
827,340
663,670
581,835
540,917
770,458
385,229
442,614
221,307
360,653
430,826
465,913
482,956
741,478
370,239
435,619
467,809
233,404
116,202
308,601
154,300
327,650
413,825
706,412
853,206
926,103
963,51
481,25
240,12
370,506
685,253
592,626
796,313
648,656
574,828
537,914
268,457
634,228
317,114
158,57
329,528
664,264
582,632
791,316
395,158
197,79
348,539
674,269
837,134
418,67
709,33
354,16
177,8
588,4
544,502
772,251
636,625
568,812
534,906
517,953
758,476
629,738
814,369
657,684
328,342
414,671
457,835
228,417
364,708
182,354
91,177
545,88
272,44
136,22
568,11
284,5
392,502
696,251
598,625
799,312
399,156
449,578
724,289
362,144
681,72
590,536
545,768
772,384
386,192
193,96
596,48
298,24
649,12
574,506
787,253
393,126
196,63
348,531
424,765
712,382
356,191
678,95
839,47
419,23
709,11
604,505
302,252
401,626
450,813
725,406
362,203
181,101
590,50
295,25
397,512
448,756
474,878
487,939
743,469
621,734
560,867
280,433
390,716
695,358
847,179
423,89
461,544
480,772
240,386
120,193
310,596
655,298
577,649
788,324
644,662
822,331
661,665
330,332
165,166
582,83
541,541
770,270
385,135
192,67
346,533
423,766
211,383
605,191
802,95
901,47
950,23
475,11
737,5
368,2
434,501
717,250
358,125
679,62
839,31
919,15
459,7
729,3
864,1
432,0
466,500
733,250
616,625
808,312
404,156
202,78
351,539
425,769
212,384
356,692
678,346
589,673
544,836
272,418
386,709
443,854
471,927
235,463
117,231
58,115
529,57
764,28
382,14
191,7
595,3
297,1
648,0
324,0
412,500
206,250
603,125
301,62
400,531
200,265
350,632
425,816
212,408
606,204
553,602
776,301
888,150
444,75
722,37
361,18
430,509
715,254
857,127
678,563
339,281
419,640
709,320
354,160
427,580
463,790
731,395
865,197
432,98
216,49
358,524
179,262
589,131
794,65
897,32
448,16
224,8
112,4
56,2
28,1
264,500
132,250
566,125
283,62
141,31
320,515
160,257
580,128
540,564
520,782
760,391
380,195
690,97
845,48
672,524
836,262
668,631
834,315
917,157
458,78
729,39
364,19
182,9
91,4
545,2
522,501
761,250
630,625
565,812
782,406
641,703
320,351
410,675
455,837
227,418
363,709
431,854
715,427
607,713
303,356
651,178
825,89
662,544
331,272
415,636
707,318
603,659
551,829
525,914
512,957
256,478
378,739
189,369
94,184
47,92
523,46
761,23
880,11
940,5
470,2
485,501
242,250
121,125
560,62
530,531
515,765
507,882
253,441
126,220
63,110
31,55
265,527
132,263
66,131
283,565
391,782
195,391
97,195
548,97
774,48
387,24
193,12
346,506
423,753
711,376
355,188
427,594
713,297
606,648
303,324
401,662
450,831
725,415
362,207
431,603
465,801
482,900
241,450
370,725
685,362
842,181
671,590
835,295
917,147
708,573
354,286
677,143
338,71
419,535
459,767
729,383
864,191
682,595
341,297
170,148
585,74
292,37
646,18
573,509
786,254
393,127
446,563
473,781
486,890
243,445
121,222
60,111
280,555
390,777
695,388
347,194
673,97
586,548
543,774
771,387
885,193
442,96
471,548
735,274
617,637
558,818
529,909
264,454
632,227
816,113
908,56
954,28
477,14
488,507
494,753
497,876
748,438
874,219
937,109
468,54
484,527
492,763
746,381
373,190
186,95
593,47
546,523
273,261
136,130
318,565
659,282
329,141
164,70
332,535
666,267
833,133
416,66
708,33
604,516
552,758
776,379
888,189
694,594
347,297
673,148
836,74
418,37
459,518
729,259
364,129
182,64
91,32
45,16
522,8
511,504
255,252
127,126
313,563
656,281
328,140
664,70
332,35
416,517
708,258
604,629
802,314
651,657
325,328
662,164
581,582
790,291
395,145
447,572
473,786
486,893
493,946
246,473
123,236
311,618
155,309
577,154
538,577
769,288
384,144
692,72
346,36
423,518
461,759
730,379
365,189
432,594
716,297
858,148
429,74
214,37
357,518
678,259
589,629
294,314
397,657
698,328
849,164
924,82
462,41
731,20
865,10
432,5
216,2
108,1
304,500
402,750
201,375
100,187
50,93
275,546
387,773
193,386
96,193
48,96
24,48
12,24
6,12
253,506
126,253
563,126
781,63
890,31
945,15
722,507
361,253
680,126
340,63
170,31
85,15
292,507
146,253
323,626
661,313
830,156
665,578
332,289
416,644
708,322
604,661
802,330
901,165
950,82
975,41
737,520
368,260
184,130
592,65
546,532
523,766
261,383
380,691
190,345
595,172
297,86
648,43
324,21
162,10
331,505
665,252
832,126
666,563
333,281
166,140
333,570
166,285
83,142
541,71
770,35
385,17
192,8
346,504
423,752
461,876
730,438
865,219
932,109
466,54
733,27
866,13
433,6
466,503
733,251
616,625
808,312
904,156
452,78
726,39
363,19
431,509
215,254
607,127
803,63
401,31
700,15
850,7
425,3
212,1
356,500
678,250
589,625
294,312
147,156
323,578
161,289
80,144
290,572
145,286
72,143
286,571
143,285
71,142
285,571
392,785
446,892
723,446
611,723
805,361
902,180
451,90
725,45
862,22
431,11
465,505
482,752
491,876
495,938
247,469
623,234
811,117
905,58
952,29
726,514
863,257
681,628
840,314
670,657
585,828
792,414
396,207
198,103
99,51
549,25
524,512
512,756
506,878
253,439
626,219
313,109
656,54
578,527
539,763
769,381
384,190
692,95
846,47
673,523
836,261
668,630
834,315
417,157
208,78
604,39
802,19
651,509
325,254
412,627
706,313
603,656
301,328
400,664
450,832
225,416
612,208
556,604
278,302
639,151
319,75
659,37
829,18
414,9
457,504
228,252
114,126
307,563
403,781
451,890
725,445
612,722
556,861
778,430
639,715
819,357
659,678
579,839
539,919
269,459
634,229
817,114
408,57
704,28
352,14
676,7
338,3
419,501
209,250
604,125
302,62
401,531
200,265
350,632
425,816
212,408
606,204
303,102
651,51
825,25
662,512
581,756
290,378
145,189
72,94
36,47
268,523
634,261
317,130
658,65
829,32
914,16
457,8
728,4
614,502
807,251
903,125
451,62
725,31
862,15
931,7
715,503
857,251
428,125
714,62
857,31
678,515
589,757
794,378
647,689
573,844
286,422
143,211
71,105
535,52
767,26
883,13
691,506
595,753
797,376
398,188
449,594
474,797
487,898
743,449
621,724
310,362
405,681
702,340
351,170
425,585
712,292
606,646
303,323
401,661
450,830
225,415
362,707
181,353
340,676
170,338
585,169
292,84
646,42
323,21
161,10
330,505
165,252
82,126
291,563
145,281
72,140
286,570
143,285
571,142
535,571
517,785
508,892
254,446
127,223
563,111
281,55
640,27
570,513
785,256
892,128
696,564
848,282
674,641
337,320
168,160
334,580
667,290
833,145
666,572
583,786
291,393
145,196
322,598
661,299
830,149
915,74
707,537
603,768
301,384
400,692
700,346
850,173
425,86
462,543
731,271
365,135
182,67
591,33
295,16
647,8
573,504
286,252
143,126
321,563
660,281
830,140
915,70
957,35
978,17
739,508
619,754
309,377
154,188
327,594
663,297
581,648
540,824
770,412
885,206
692,603
846,301
923,150
711,575
855,287
427,143
463,571
231,285
365,642
682,321
341,160
420,580
710,290
605,645
552,822
776,411
638,705
819,352
909,176
954,88
727,544
613,772
806,386
403,193
451,596
725,298
862,149
931,74
465,37
232,18
366,509
433,754
466,877
733,438
366,219
183,109
91,54
295,527
397,763
448,881
224,440
612,220
806,110
403,55
451,527
225,263
612,131
806,65
653,532
576,766
538,883
769,441
634,720
817,360
658,680
329,340
164,170
582,85
291,42
395,521
697,260
848,130
674,565
337,282
418,641
459,820
229,410
364,705
682,352
341,176
420,588
710,294
855,147
927,73
463,36
731,18
865,9
682,504
841,252
670,626
835,313
417,156
208,78
104,39
302,519
151,259
325,629
662,314
581,657
290,328
645,164
572,582
786,291
893,145
696,572
848,286
674,643
837,321
918,160
959,80
729,540
614,770
557,885
278,442
389,721
194,360
347,680
673,340
336,170
668,85
584,542
292,271
646,135
573,567
536,783
518,891
259,445
629,222
814,111
657,555
828,277
664,638
332,319
166,159
583,79
291,39
145,19
572,9
536,504
768,252
884,126
942,63
471,31
485,515
742,257
621,628
810,314
405,157
452,578
726,289
613,644
306,322
653,161
576,580
788,290
394,145
197,72
98,36
549,18
524,509
262,254
631,127
815,63
907,31
703,515
351,257
675,128
337,64
418,532
709,266
854,133
927,66
963,33
731,516
365,258
682,129
841,64
670,532
585,766
292,383
146,191
573,95
536,547
268,273
384,636
192,318
596,159
298,79
399,539
449,769
724,384
862,192
931,96
715,548
607,774
303,387
651,193
575,596
537,798
518,899
509,949
754,474
377,237
688,118
344,59
422,529
211,264
355,632
177,316
588,158
544,579
772,289
386,144
193,72
596,36
548,518
524,759
262,379
381,689
690,344
845,172
672,586
836,293
418,146
209,73
354,536
427,768
213,384
106,192
53,96
26,48
513,24
506,512
753,256
876,128
438,64
219,32
359,516
679,258
339,129
419,564
209,282
354,641
427,820
713,410
606,705
803,352
651,676
575,838
537,919
768,459
634,729
317,364
408,682
204,341
102,170
551,85
275,42
387,521
443,760
471,880
235,440
117,220
558,110
279,55
639,27
569,513
784,256
392,128
196,64
98,32
49,16
24,8
262,504
131,252
65,126
32,63
16,31
8,15
504,7
752,3
626,501
563,750
531,875
765,437
382,218
441,609
470,804
735,402
867,201
683,600
841,300
420,150
710,75
605,537
802,268
901,134
700,567
850,283
675,641
837,320
418,160
709,80
354,40
427,520
713,260
856,130
928,65
714,532
357,266
678,133
339,66
169,33
334,516
417,758
458,879
729,439
364,219
682,109
841,54
920,27
460,13
730,6
615,503
307,251
153,125
326,562
163,281
581,140
540,570
270,285
135,142
67,71
283,535
141,267
70,133
35,66
267,533
133,266
566,133
783,66
641,533
570,766
285,383
392,691
696,345
348,172
424,586
712,293
856,146
428,73
214,36
107,18
53,9
26,4
263,502
131,251
315,625
657,312
328,156
164,78
332,539
666,269
583,634
791,317
395,158
447,579
223,289
111,144
55,72
527,36
263,18
631,9
315,4
157,2
78,1
539,0
519,500
759,250
879,125
439,62
719,31
859,15
429,7
714,3
357,1
428,500
714,250
857,125
928,62
714,531
357,265
678,132
339,66
669,33
584,516
542,758
271,379
385,689
692,344
346,172
173,86
86,43
543,21
271,10
135,5
317,502
158,251
579,125
789,62
394,31
697,15
848,7
924,3
462,1
731,0
865,0
932,0
466,0
733,0
866,0
933,0
466,0
233,0
616,0
558,500
529,750
764,375
632,687
566,843
283,421
391,710
695,355
847,177
423,88
211,44
105,22
302,511
651,255
325,127
162,63
581,31
540,515
270,257
135,128
567,64
283,32
641,16
820,8
660,504
330,252
415,626
207,313
103,156
51,78
25,39
262,519
381,759
690,379
595,689
547,844
273,422
636,211
568,605
784,302
642,651
571,825
285,412
392,706
196,353
98,176
49,88
274,544
387,772
193,386
96,193
548,96
524,548
512,774
506,887
253,443
626,221
563,610
781,305
390,152
195,76
347,538
173,269
336,634
668,317
834,158
667,579
333,289
666,144
333,72
416,536
458,768
729,384
614,692
557,846
528,923
514,961
757,480
378,240
189,120
94,60
547,30
773,15
386,7
443,503
721,251
860,125
930,62
965,31
732,515
866,257
433,128
716,64
608,532
304,266
652,133
576,566
538,783
519,891
259,445
379,722
439,861
469,930
484,965
242,482
121,241
310,620
655,310
327,155
663,77
831,38
415,19
207,9
103,4
301,502
400,751
450,875
475,937
237,468
118,234
59,117
529,58
514,529
757,264
378,132
689,66
844,33
922,16
961,8
980,4
990,2
995,1
497,0
748,0
874,0
437,0
718,0
359,0
679,0
339,0
669,0
584,500
292,250
646,125
323,62
161,31
580,15
290,7
145,3
72,1
286,500
393,750
446,875
223,437
611,218
305,109
152,54
576,27
288,13
644,6
572,503
286,251
393,625
446,812
473,906
236,453
618,226
809,113
404,56
702,28
851,14
675,507
337,253
168,126
334,563
167,281
583,140
541,570
770,285
885,142
442,71
221,35
360,517
430,758
715,379
857,189
928,94
464,47
732,23
866,11
933,5
466,2
733,1
866,0
933,0
466,0
233,0
116,0
58,0
279,500
639,250
819,125
909,62
704,531
602,765
551,882
275,441
637,220
568,610
534,805
517,902
508,951
254,475
127,237
313,618
156,309
328,654
414,827
207,413
603,206
551,603
275,301
387,650
693,325
596,662
548,831
524,915
512,957
506,978
753,489
876,244
938,122
469,61
484,530
492,765
246,382
123,191
311,595
405,797
452,898
726,449
613,724
306,362
153,181
76,90
538,45
769,22
634,511
567,755
783,377
641,688
320,344
160,172
580,86
790,43
395,21
697,10
848,5
424,2
212,1
606,0
803,0
651,500
575,750
287,375
393,687
196,343
598,171
799,85
649,542
324,271
662,135
331,67
415,533
207,266
353,633
176,316
88,158
544,79
272,39
386,519
443,759
221,379
610,189
555,594
527,797
763,398
381,199
440,599
470,799
235,399
617,199
808,99
654,549
827,274
413,137
456,568
478,784
739,392
869,196
684,598
842,299
921,149
960,74
980,37
490,18
245,9
622,4
311,2
655,1
577,500
288,250
394,625
447,812
473,906
736,453
368,226
684,113
592,556
546,778
773,389
886,194
943,97
471,48
735,24
867,12
933,6
966,3
983,1
741,500
870,250
935,125
467,62
233,31
616,15
808,7
404,3
702,1
601,500
800,250
900,125
950,62
975,31
987,15
993,7
746,503
623,751
811,375
655,687
577,843
288,421
144,210
572,105
536,552
768,276
884,138
442,69
471,534
485,767
492,883
246,441
123,220
561,110
530,555
765,277
382,138
191,69
595,34
297,17
398,508
199,254
99,127
49,63
524,31
762,15
381,7
440,503
720,251
860,125
930,62
465,31
482,515
491,757
745,378
622,689
811,344
655,672
827,336
913,168
706,584
353,292
426,646
463,823
231,411
115,205
307,602
403,801
201,400
100,200
50,100
525,50
762,25
381,12
440,506
720,253
610,626
805,313
902,156
951,78
975,39
987,19
493,9
246,4
623,2
311,1
405,500
702,250
601,625
800,312
400,156
700,78
600,539
300,269
150,134
575,67
537,533
518,766
259,383
379,691
189,345
594,172
547,586
773,293
886,146
943,73
971,36
985,18
992,9
746,504
373,252
436,626
218,313
109,156
304,578
152,289
576,144
538,572
519,786
509,893
254,446
127,223
313,611
406,805
703,402
351,201
425,600
212,300
606,150
303,75
151,37
75,18
537,9
518,504
759,252
879,126
439,63
719,31
359,15
429,507
714,253
607,626
803,313
401,156
450,578
225,289
112,144
56,72
28,36
264,518
382,759
441,879
470,939
735,469
617,734
558,867
279,433
139,216
569,108
284,54
142,27
571,13
285,6
142,3
71,1
35,0
267,500
633,250
816,125
908,62
454,31
727,15
363,7
681,3
340,1
170,0
335,500
167,250
83,125
541,62
770,31
385,15
442,507
721,253
610,626
555,813
777,406
638,703
569,851
784,425
892,212
446,106
473,553
236,276
118,138
59,69
529,34
514,517
507,758
503,879
501,939
500,969
500,984
250,492
375,746
687,373
593,686
296,343
648,171
324,85
662,42
581,521
540,760
520,880
510,940
255,470
627,235
313,117
406,558
703,279
851,139
425,69
212,34
356,517
178,258
339,629
169,314
584,157
792,78
646,539
823,269
661,634
830,317
915,158
707,579
353,289
676,144
588,572
544,786
772,393
386,196
693,98
346,49
173,24
336,512
418,756
709,378
604,689
302,344
651,172
575,586
537,793
268,396
634,198
317,99
658,49
579,524
789,262
394,131
697,65
848,32
424,16
462,508
731,254
615,627
307,313
403,656
701,328
850,164
925,82
962,41
731,520
365,260
682,130
341,65
170,32
335,516
667,258
333,129
166,64
333,532
666,266
583,633
541,816
270,408
635,204
317,102
408,551
454,775
727,387
863,193
931,96
965,48
482,24
741,12
620,506
810,253
905,126
702,563
851,281
675,640
837,320
918,160
959,80
729,540
864,270
932,135
466,67
483,533
241,266
620,133
310,66
405,533
202,266
101,133
50,66
275,533
137,266
68,133
534,66
767,33
383,16
441,508
720,254
860,127
930,63
465,31
232,15
366,507
183,253
591,126
295,63
147,31
73,15
36,7
268,503
384,751
192,375
346,687
423,843
461,921
730,460
865,230
932,115
966,57
483,28
241,14
370,507
435,753
717,376
358,188
179,94
589,47
794,23
897,11
948,5
474,2
737,1
618,500
809,250
404,125
452,562
726,281
613,640
556,820
778,410
389,205
694,102
347,51
173,25
586,12
293,6
146,3
573,1
536,500
518,750
509,875
504,937
252,468
376,734
188,367
344,683
422,841
711,420
355,210
677,105
588,552
794,276
397,138
198,69
599,34
799,17
399,8
449,504
474,752
737,376
618,688
809,344
654,672
827,336
913,168
706,584
603,792
801,396
900,198
950,99
725,549
362,274
181,137
90,68
545,34
772,17
886,8
943,4
971,2
485,1
742,0
371,0
435,500
467,750
233,375
616,187
808,93
404,46
452,523
226,261
113,130
556,65
778,32
389,16
444,508
472,754
486,877
243,438
371,719
185,359
592,179
796,89
398,44
449,522
474,761
237,380
118,190
309,595
654,297
327,148
413,574
706,287
353,143
676,71
588,535
544,767
522,883
761,441
630,720
565,860
782,430
891,215
445,107
222,53
611,26
805,13
652,506
326,253
663,126
831,63
415,31
207,15
103,7
51,3
275,501
637,250
818,125
909,62
454,31
227,15
613,7
306,3
403,501
701,250
850,125
675,562
587,781
793,390
896,195
448,97
474,548
487,774
243,387
121,193
310,596
155,298
577,149
788,74
644,537
822,268
661,634
830,317
915,158
457,79
728,39
614,519
557,759
528,879
264,439
132,219
66,109
33,54
16,27
508,13
504,506
752,253
376,126
188,63
94,31
297,515
398,757
449,878
224,439
112,219
306,609
153,304
76,152
38,76
519,38
509,519
504,759
502,879
751,439
875,219
687,609
343,304
171,152
585,76
792,38
896,19
448,9
724,4
612,502
806,251
903,125
451,62
725,31
862,15
931,7
465,3
482,501
741,250
870,125
685,562
342,281
671,140
835,70
667,535
333,267
166,133
333,566
416,783
708,391
604,695
802,347
901,173
450,86
725,43
862,21
931,10
715,505
357,252
178,126
89,63
544,31
522,515
261,257
380,628
690,314
345,157
172,78
586,39
543,519
271,259
385,629
192,314
596,157
298,78
649,39
824,19
412,9
706,4
603,502
551,751
775,375
887,187
443,93
721,46
360,23
180,11
90,5
545,2
772,1
886,0
443,0
721,0
860,0
430,0
465,500
232,250
116,125
308,562
154,281
327,640
163,320
81,160
540,80
520,540
510,770
505,885
752,442
626,721
813,360
406,180
703,90
351,45
175,22
87,11
543,5
771,2
885,1
442,0
221,0
110,0
55,0
277,500
638,250
319,125
659,62
579,531
539,765
769,382
384,191
692,95
346,47
673,23
836,11
418,5
459,502
229,251
114,125
557,62
278,31
139,15
319,507
159,253
579,126
789,63
644,531
322,265
161,132
330,566
415,783
207,391
353,695
676,347
838,173
919,86
709,543
604,771
552,885
276,442
138,221
569,110
784,55
392,27
196,13
348,506
424,753
712,376
606,688
803,344
651,672
325,336
412,668
706,334
603,667
301,333
400,666
700,333
350,166
675,83
837,41
918,20
959,10
729,505
614,752
307,376
153,188
76,94
288,547
144,273
572,136
286,68
393,534
196,267
98,133
49,66
24,33
262,516
631,258
315,129
407,564
203,282
601,141
300,70
400,535
200,267
350,633
175,316
337,658
168,329
84,164
42,82
271,541
135,270
317,635
658,317
329,158
414,579
207,289
103,144
551,72
275,36
387,518
193,259
346,629
173,314
86,157
543,78
521,539
760,269
630,634
815,317
407,158
203,79
351,539
175,269
87,134
293,567
146,283
73,141
536,70
768,35
634,517
817,258
908,129
704,564
602,782
801,391
650,695
825,347
412,173
206,86
603,43
301,21
150,10
75,5
37,2
18,1
259,500
379,750
689,375
594,687
547,843
773,421
636,710
568,855
284,427
642,213
571,606
785,303
892,151
696,575
848,287
424,143
462,571
231,285
115,142
307,571
403,785
201,392
350,696
175,348
587,174
793,87
896,43
948,21
974,10
737,505
618,752
309,376
654,188
327,94
163,47
331,523
415,761
707,380
603,690
301,345
650,172
575,586
537,793
518,896
509,948
504,974
252,487
126,243
63,121
31,60
15,30
507,15
253,7
626,3
313,1
156,0
578,0
539,500
769,250
384,125
442,562
721,281
360,140
430,570
715,285
357,142
678,71
839,35
669,517
334,258
167,129
333,564
666,282
333,141
166,70
83,35
41,17
270,508
385,754
442,877
471,938
735,469
367,234
183,117
591,58
295,29
397,514
448,757
724,378
362,189
681,94
840,47
670,523
335,261
167,130
583,65
541,532
520,766
510,883
255,441
127,220
63,110
281,555
140,277
320,638
660,319
830,159
915,79
957,39
728,519
864,259
932,129
716,564
858,282
429,141
714,70
357,35
678,17
589,508
544,754
272,377
386,688
193,344
96,172
298,586
149,293
324,646
162,323
81,161
40,80
520,40
510,520
755,260
877,130
688,565
344,282
672,141
586,570
543,785
771,392
885,196
442,98
721,49
860,24
430,12
215,6
607,3
803,1
401,0
450,500
725,250
612,625
556,812
528,906
764,453
382,226
191,113
345,556
672,278
586,639
293,319
146,159
73,79
36,39
268,519
134,259
67,129
283,564
141,282
320,641
410,820
455,910
477,955
488,977
494,988
497,994
248,497
374,748
687,374
343,187
671,93
585,546
792,273
396,136
198,68
599,34
299,17
649,8
324,4
412,502
456,751
478,875
739,437
869,218
934,109
467,54
233,27
366,513
183,256
341,628
420,814
460,907
480,953
240,476
620,238
810,119
905,59
702,529
851,264
425,132
462,566
231,283
365,641
432,820
716,410
608,705
804,352
652,676
826,338
913,169
956,84
978,42
489,21
244,10
122,5
311,502
405,751
202,375
351,687
175,343
587,171
543,585
271,292
635,146
567,573
533,786
766,393
883,196
441,98
470,549
735,274
617,637
808,318
654,659
327,329
413,664
206,332
353,666
676,333
338,166
669,83
584,541
542,770
271,385
385,692
692,346
596,673
548,836
524,918
762,459
381,229
190,114
95,57
297,528
148,264
74,132
37,66
268,533
134,266
567,133
283,66
141,33
570,16
535,508
767,254
883,127
441,63
220,31
610,15
555,507
527,753
763,376
881,188
690,594
845,297
672,648
836,324
668,662
584,831
292,415
146,207
73,103
36,51
18,25
259,512
129,256
564,128
532,564
516,782
508,891
504,945
752,472
876,236
438,118
469,559
234,279
117,139
308,569
654,284
327,142
663,71
831,35
915,17
457,8
228,4
114,2
557,1
778,0
639,500
319,250
659,125
329,62
664,31
582,515
541,757
770,378
385,189
192,94
596,47
798,23
649,511
324,255
412,627
456,813
228,406
614,203
307,101
653,50
826,25
913,12
706,506
853,253
426,126
213,63
606,31
803,15
651,507
825,253
412,126
206,63
603,31
801,15
900,7
700,503
350,251
175,125
587,62
793,31
896,15
448,7
724,3
362,1
181,0
340,500
170,250
85,125
542,62
521,531
260,265
380,632
690,316
845,158
922,79
711,539
355,269
427,634
463,817
731,408
365,204
432,602
216,301
358,650
179,325
89,162
44,81
272,540
136,270
568,135
534,567
267,283
133,141
316,570
158,285
329,642
664,321
582,660
791,330
645,665
822,332
911,166
705,583
602,791
801,395
900,197
700,598
350,299
425,649
212,324
106,162
53,81
526,40
763,20
381,10
440,505
470,752
735,376
367,188
433,594
716,297
358,148
179,74
589,37
294,18
647,9
573,504
536,752
768,376
884,188
942,94
471,47
235,23
117,11
558,5
279,2
389,501
444,750
472,875
486,937
493,968
746,484
623,742
811,371
405,185
452,592
226,296
363,648
681,324
340,162
420,581
710,290
605,645
552,822
526,911
513,955
756,477
378,238
689,119
844,59
922,29
461,14
480,507
740,253
370,126
435,563
467,781
733,390
366,195
183,97
91,48
295,524
147,262
573,131
286,65
643,32
571,516
285,258
142,129
71,64
285,532
142,266
571,133
535,566
517,783
258,391
129,195
314,597
157,298
78,149
289,574
644,287
572,643
786,321
643,660
571,830
285,415
392,707
696,353
348,176
674,88
587,544
793,272
646,636
573,818
786,409
893,204
446,102
723,51
361,25
180,12
590,6
795,3
897,1
948,0
474,0
737,0
868,0
934,0
467,0
483,500
491,750
495,875
747,437
623,718
811,359
905,179
452,89
476,544
238,272
619,136
309,68
404,534
702,267
601,633
300,316
150,158
325,579
412,789
456,894
728,447
614,723
807,361
403,180
451,590
725,295
862,147
681,573
340,286
170,143
335,571
167,285
333,642
416,821
458,910
479,955
489,977
244,488
622,244
811,122
905,61
952,30
976,15
988,7
994,3
747,501
623,750
311,375
155,187
77,93
288,546
144,273
322,636
661,318
580,659
790,329
895,164
697,582
598,791
799,395
399,197
449,598
224,299
112,149
306,574
153,287
76,143
38,71
19,35
259,517
129,258
64,129
32,64
516,32
258,16
129,8
64,4
532,2
766,1
883,0
941,0
470,0
485,500
242,250
621,125
310,62
155,31
77,15
538,7
769,3
634,501
817,250
658,625
579,812
289,406
144,203
322,601
161,300
80,150
40,75
20,37
510,18
255,9
127,4
63,2
281,501
390,750
695,375
597,687
298,343
399,671
199,335
349,667
174,333
337,666
668,333
834,166
667,583
583,791
541,895
270,447
385,723
692,361
346,180
423,590
711,295
605,647
552,823
776,411
888,205
694,602
347,301
423,650
211,325
355,662
177,331
88,165
44,82
522,41
511,520
755,260
377,130
438,565
219,282
109,141
304,570
652,285
826,142
913,71
956,35
478,17
739,8
619,504
809,252
404,126
202,63
601,31
550,515
775,257
387,128
443,564
721,282
860,141
430,70
215,35
357,517
178,258
89,129
294,564
397,782
198,391
99,195
299,597
399,798
449,899
724,449
362,224
681,112
590,556
795,278
897,139
698,569
599,784
549,892
774,446
887,223
443,111
471,555
485,777
242,388
121,194
310,597
155,298
577,149
288,74
144,37
322,518
161,259
580,129
790,64
895,32
447,16
723,8
611,504
805,252
402,126
701,63
350,31
675,15
837,7
918,3
709,501
604,750
302,375
151,187
575,93
287,46
143,23
71,11
35,5
267,502
133,251
316,625
658,312
829,156
664,578
832,289
416,144
458,572
479,786
489,893
744,446
872,223
436,111
718,55
359,27
679,13
839,6
919,3
459,1
229,0
364,500
432,750
716,375
608,687
804,343
402,171
701,85
350,42
425,521
712,260
856,130
928,65
714,532
357,266
428,633
714,316
357,158
678,79
589,539
794,269
897,134
948,67
724,533
362,266
181,133
340,566
670,283
335,141
417,570
208,285
104,142
552,71
526,535
513,767
756,383
628,691
814,345
907,172
953,86
976,43
738,521
369,260
184,130
342,565
421,782
210,391
105,195
302,597
401,798
450,899
225,449
112,224
56,112
28,56
14,28
257,514
378,757
689,378
844,189
922,94
711,547
855,273
427,136
463,568
231,284
115,142
57,71
28,35
14,17
257,508
128,254
564,127
782,63
391,31
695,15
847,7
423,3
711,1
605,500
552,750
276,375
388,687
444,843
472,921
736,460
368,230
184,115
92,57
46,28
23,14
511,7
505,503
502,751
751,375
375,187
187,93
593,46
546,523
523,761
761,380
630,690
315,345
407,672
703,336
601,668
800,334
400,167
700,83
850,41
925,20
962,10
981,5
740,502
620,751
560,875
530,937
515,968
507,984
753,492
376,246
688,123
594,561
797,280
898,140
949,70
724,535
612,767
806,383
653,691
826,345
913,172
706,586
603,793
801,396
900,198
950,99
725,549
612,774
556,887
528,943
264,471
132,235
316,617
658,308
829,154
414,77
207,38
353,519
176,259
338,629
669,314
584,657
542,828
771,414
885,207
692,603
846,301
923,150
961,75
730,537
865,268
682,634
591,817
295,408
397,704
698,352
849,176
674,588
837,294
918,147
459,73
479,536
239,268
369,634
434,817
217,408
608,204
554,602
527,801
513,900
256,450
378,725
689,362
594,681
797,340
648,670
574,835
787,417
643,708
821,354
660,677
580,838
290,419
645,209
572,604
286,302
643,151
571,575
285,287
642,143
571,571
285,285
392,642
696,321
348,160
424,580
462,790
481,895
490,947
495,973
747,486
373,243
686,121
843,60
671,530
835,265
417,132
458,566
479,783
489,891
744,445
872,222
936,111
968,55
484,27
742,13
871,6
435,3
217,1
358,500
429,750
214,375
357,687
178,343
589,171
294,85
647,42
323,21
161,10
580,5
540,502
770,251
385,125
442,562
221,281
610,140
305,70
652,35
576,517
288,258
644,129
322,64
661,32
830,16
915,8
957,4
478,2
239,1
119,0
559,0
529,500
764,250
882,125
441,62
470,531
485,765
492,882
746,441
623,720
311,360
155,180
77,90
288,545
394,772
447,886
723,443
861,221
930,110
965,55
732,527
616,763
558,881
779,440
639,720
319,360
659,180
579,590
789,295
894,147
947,73
723,536
361,268
180,134
90,67
295,533
147,266
573,133
536,566
768,283
884,141
692,570
346,285
423,642
461,821
480,910
240,455
370,727
685,363
592,681
296,340
398,670
449,835
224,417
362,708
181,354
590,177
795,88
647,544
823,272
411,136
455,568
477,784
488,892
244,446
122,223
311,611
155,305
327,652
163,326
581,163
290,81
645,40
822,20
911,10
455,5
727,2
863,1
431,0
465,500
732,250
616,625
558,812
529,906
514,953
507,976
253,488
126,244
63,122
531,61
265,30
632,15
816,7
408,3
454,501
727,250
613,625
806,312
903,156
701,578
350,289
175,144
87,72
543,36
521,518
510,759
755,379
627,689
813,344
656,672
828,336
664,668
832,334
916,167
708,583
354,291
677,145
588,572
794,286
897,143
448,71
724,35
862,17
431,8
715,4
607,502
803,251
901,125
450,62
725,31
362,15
681,7
340,3
670,1
335,0
167,0
583,0
791,0
395,0
197,0
598,0
799,0
399,0
199,0
599,0
299,0
149,0
324,500
662,250
331,125
415,562
457,781
228,390
614,195
307,97
653,48
326,24
413,512
456,756
728,378
864,189
432,94
466,547
233,273
366,636
183,318
591,159
545,579
272,289
386,644
693,322
596,661
298,330
149,165
574,82
537,541
768,270
384,135
692,67
346,33
423,516
711,258
355,129
677,64
588,532
294,266
647,133
823,66
911,33
705,516
352,258
176,129
88,64
294,532
647,266
823,133
661,566
580,783
540,891
520,945
510,972
255,486
127,243
563,121
781,60
390,30
195,15
97,7
548,3
274,1
637,0
318,0
159,0
579,0
789,0
894,0
447,0
223,0
611,0
805,0
902,0
951,0
725,500
612,750
556,875
278,437
389,718
444,859
472,929
486,964
243,482
621,241
310,120
155,60
327,530
663,265
581,632
790,316
895,158
697,579
348,289
174,144
87,72
43,36
21,18
10,9
255,504
377,752
688,376
594,688
547,844
273,422
636,211
318,105
409,552
204,276
352,638
676,319
588,659
544,829
772,414
886,207
693,603
596,801
298,400
649,200
324,100
662,50
831,25
415,12
707,6
853,3
426,1
713,0
606,500
553,750
276,375
138,187
319,593
159,296
79,148
289,574
644,287
822,143
661,571
330,285
415,642
207,321
103,160
551,80
275,40
637,20
818,10
909,5
704,502
602,751
551,875
775,437
887,218
443,109
471,554
235,277
117,138
558,69
529,534
264,267
132,133
566,66
533,533
516,766
258,383
379,691
689,345
844,172
922,86
711,543
355,271
427,635
463,817
731,408
865,204
932,102
466,51
733,25
616,512
558,756
779,378
889,189
944,94
972,47
486,23
243,11
121,5
310,502
405,751
202,375
351,687
425,843
462,921
731,460
365,230
182,115
91,57
45,28
272,514
136,257
568,128
284,64
392,532
696,266
848,133
424,66
212,33
606,16
303,8
401,504
700,252
350,126
425,563
212,281
106,140
53,70
26,35
513,17
506,508
253,254
376,627
188,313
594,156
297,78
648,39
824,19
412,9
706,4
353,2
176,1
88,0
544,0
272,0
636,0
318,0
409,500
204,250
352,625
676,312
338,156
419,578
709,289
354,144
427,572
713,286
356,143
678,71
839,35
419,17
209,8
604,4
802,2
901,1
950,0
725,500
362,250
431,625
465,812
232,406
616,203
308,101
154,50
327,525
413,762
706,381
353,190
426,595
713,297
606,648
803,324
401,162
700,81
600,540
550,770
775,385
387,192
443,596
221,298
360,649
180,324
590,162
545,581
272,290
636,145
568,572
784,286
892,143
696,571
598,785
799,392
899,196
699,598
349,299
674,149
837,74
418,37
709,18
604,509
552,754
776,377
388,188
194,94
347,547
423,773
711,386
855,193
927,96
713,548
356,274
178,137
339,568
669,284
834,142
417,71
208,35
354,517
677,258
338,129
169,64
584,32
292,16
146,8
323,504
161,252
330,626
665,313
582,656
291,328
145,164
322,582
161,291
330,645
415,822
707,411
353,205
176,102
88,51
544,25
272,12
136,6
568,3
534,501
767,250
633,625
816,312
408,156
704,78
852,39
926,19
713,509
356,254
678,127
589,563
544,781
272,390
636,195
818,97
659,548
829,274
664,637
332,318
666,159
833,79
916,39
458,19
229,9
614,4
307,2
403,501
201,250
350,625
425,812
712,406
606,703
803,351
901,175
950,87
475,43
487,521
743,260
371,130
435,565
717,282
608,641
804,320
652,660
576,830
788,415
644,707
572,853
786,426
393,213
696,106
348,53
174,26
337,513
418,756
459,878
479,939
239,469
619,234
559,617
779,308
889,154
944,77
722,538
361,269
680,134
840,67
920,33
710,516
855,258
427,129
713,64
856,32
928,16
714,508
357,254
678,127
339,63
669,31
834,15
417,7
708,3
854,1
677,500
838,250
419,125
709,62
854,31
427,15
713,7
606,503
303,251
401,625
700,312
600,656
300,328
650,164
325,82
662,41
331,20
665,10
582,505
541,752
270,376
385,688
192,344
596,172
798,86
899,43
699,521
349,260
674,130
837,65
668,532
834,266
417,133
458,566
729,283
364,141
682,70
841,35
920,17
460,8
730,4
365,2
182,1
341,500
670,250
585,625
292,312
396,656
698,328
349,164
674,82
337,41
168,20
84,10
42,5
21,2
510,1
755,0
627,500
563,750
781,375
390,187
445,593
722,296
611,648
305,324
652,162
576,581
538,790
269,395
134,197
317,598
158,299
579,149
539,574
519,787
259,393
629,196
314,98
407,549
703,274
601,637
800,318
900,159
450,79
225,39
112,19
56,9
528,4
514,502
757,251
628,625
814,312
407,156
703,78
851,39
425,19
212,9
356,504
428,752
214,376
107,188
303,594
151,297
325,648
412,824
456,912
478,956
239,478
369,739
434,869
717,434
858,217
679,608
589,804
544,902
522,951
511,975
755,487
877,243
688,621
344,310
422,655
211,327
355,663
177,331
338,665
169,332
334,666
417,833
458,916
729,458
614,729
557,864
278,432
389,716
444,858
722,429
361,214
680,107
590,553
295,276
647,138
823,69
661,534
830,267
915,133
957,66
478,33
489,516
244,258
372,629
436,814
718,407
359,203
179,101
339,550
169,275
584,137
792,68
396,34
198,17
99,8
49,4
524,2
262,1
131,0
565,0
532,500
266,250
633,125
816,62
408,31
704,15
602,507
551,753
775,376
387,188
443,594
221,297
610,148
555,574
777,287
638,643
569,821
284,410
142,205
321,602
160,301
330,650
665,325
832,162
916,81
708,540
854,270
427,135
463,567
481,783
740,391
370,195
685,97
842,48
671,524
335,262
667,131
333,65
166,32
583,16
791,8
895,4
947,2
473,1
736,0
618,500
559,750
279,375
639,187
569,593
784,296
392,148
196,74
98,37
299,518
399,759
699,379
599,689
549,844
774,422
387,211
693,105
846,52
923,26
711,513
355,256
427,628
463,814
231,407
365,703
182,351
341,675
420,837
210,418
355,709
427,854
713,427
356,213
178,106
89,53
544,26
772,13
636,506
568,753
534,876
517,938
758,469
629,734
814,367
907,183
953,91
726,545
613,772
806,386
403,193
701,96
350,48
675,24
587,512
543,756
771,378
885,189
442,94
721,47
360,23
430,511
465,755
732,377
866,188
683,594
591,797
295,398
397,699
698,349
599,674
799,337
399,168
699,84
849,42
424,21
712,10
856,5
678,502
839,251
419,125
209,62
354,531
677,265
338,132
419,566
459,783
729,391
614,695
307,347
653,173
826,86
663,543
581,771
290,385
145,192
572,96
536,548
768,274
884,137
692,568
596,784
548,892
774,446
387,223
693,111
596,555
548,777
524,888
762,444
881,222
690,611
845,305
672,652
336,326
418,663
209,331
354,665
427,832
213,416
106,208
53,104
526,52
263,26
131,13
315,506
407,753
453,876
726,438
613,719
806,359
403,179
201,89
350,544
675,272
587,636
293,318
396,659
198,329
599,164
799,82
399,41
699,20
349,10
424,505
212,252
106,126
53,63
526,31
763,15
881,7
440,3
220,1
610,0
305,0
402,500
451,750
725,375
362,187
181,93
90,46
545,23
272,11
636,5
318,2
659,1
829,0
914,0
707,500
353,250
176,125
338,562
419,781
709,390
604,695
802,347
901,173
450,86
475,543
487,771
493,885
746,442
623,721
311,360
155,180
77,90
38,45
519,22
259,11
129,5
64,2
532,1
266,0
383,500
441,750
220,375
110,187
305,593
152,296
576,148
288,74
644,37
322,18
411,509
705,254
852,127
926,63
963,31
731,515
365,257
682,128
341,64
420,532
210,266
105,133
52,66
276,533
638,266
319,133
409,566
204,283
602,141
801,70
650,535
575,767
537,883
768,441
634,720
817,360
408,180
454,590
727,295
613,647
806,323
653,661
326,330
163,165
331,582
665,291
832,145
916,72
458,36
229,18
614,9
557,504
278,252
639,126
319,63
159,31
579,15
289,7
394,503
197,251
348,625
674,312
587,656
793,328
896,164
448,82
724,41
862,20
681,510
340,255
420,627
460,813
230,406
365,703
682,351
591,675
545,837
522,918
761,459
880,229
690,614
845,307
672,653
586,826
293,413
646,206
323,103
661,51
330,25
665,12
582,506
291,253
395,626
697,313
848,156
924,78
962,39
481,19
240,9
120,4
60,2
280,501
640,250
820,125
910,62
705,531
602,765
801,382
650,691
325,345
412,672
706,336
853,168
676,584
588,792
294,396
147,198
73,99
286,549
643,274
821,137
410,68
455,534
727,267
613,633
806,316
903,158
951,79
975,39
487,19
743,9
371,4
185,2
592,1
796,0
398,0
199,0
599,0
799,0
899,0
699,500
849,250
674,625
587,812
793,406
396,203
448,601
724,300
612,650
556,825
278,412
639,206
819,103
409,51
204,25
102,12
551,6
275,3
637,1
568,500
534,750
767,375
883,187
441,93
720,46
360,23
680,11
840,5
420,2
710,1
855,0
427,0
713,0
606,500
803,250
651,625
325,312
162,156
81,78
540,39
770,19
885,9
442,4
221,2
110,1
305,500
652,250
326,125
413,562
706,281
853,140
676,570
338,285
419,642
209,321
354,660
177,330
338,665
169,332
334,666
417,833
708,416
854,208
427,104
213,52
356,526
678,263
589,631
544,815
272,407
386,703
693,351
596,675
548,837
524,918
762,459
631,729
315,364
657,182
828,91
914,45
957,22
478,11
239,5
369,502
434,751
717,375
858,187
679,593
339,296
669,148
334,74
417,537
458,768
479,884
489,942
494,971
747,485
873,242
686,621
593,810
546,905
773,452
636,726
318,363
159,181
579,90
539,545
519,772
259,386
629,193
314,96
157,48
78,24
539,12
519,506
509,753
754,376
877,188
938,94
969,47
484,23
242,11
121,5
60,2
280,501
640,250
570,625
785,312
642,656
321,328
160,164
80,82
540,41
520,520
760,260
880,130
440,65
470,532
735,266
367,133
433,566
466,783
233,391
116,195
58,97
279,548
389,774
694,387
597,693
548,846
774,423
637,711
818,355
909,177
704,588
602,794
301,397
400,698
700,349
600,674
300,337
150,168
325,584
162,292
581,146
540,573
770,286
385,143
692,71
346,35
673,17
336,8
168,4
584,2
292,1
146,0
573,0
786,0
643,500
321,250
410,625
705,312
602,656
301,328
400,664
450,832
725,416
862,208
431,104
215,52
357,526
178,263
89,131
544,65
272,32
136,16
68,8
284,504
642,252
321,126
410,563
455,781
477,890
488,945
744,472
622,736
811,368
905,184
452,92
226,46
363,523
681,261
590,630
295,315
397,657
448,828
724,414
362,207
681,103
340,51
420,525
210,262
105,131
52,65
26,32
263,516
631,258
565,629
782,314
391,157
445,578
472,789
486,894
743,447
871,223
685,611
592,805
796,402
898,201
949,100
474,50
737,25
868,12
934,6
467,3
733,1
866,0
933,0
716,500
358,250
429,625
714,312
607,656
303,328
651,164
575,582
537,791
268,395
134,197
67,98
533,49
516,524
508,762
254,381
127,190
313,595
656,297
328,148
664,74
332,37
666,18
833,9
666,504
833,252
416,126
708,63
604,531
302,265
151,132
75,66
37,33
518,16
509,508
754,254
377,127
438,563
719,281
359,140
179,70
589,35
294,17
647,8
573,504
786,252
893,126
696,563
598,781
799,390
899,195
949,97
974,48
987,24
993,12
996,6
998,3
999,1
749,500
874,250
687,625
843,312
421,156
460,578
230,289
615,144
307,72
403,536
201,268
600,134
300,67
150,33
325,516
162,258
581,129
790,64
895,32
447,16
223,8
611,4
805,2
402,1
201,0
350,500
175,250
337,625
668,312
584,656
792,328
896,164
698,582
849,291
674,645
587,822
293,411
146,205
73,102
286,551
643,275
321,137
160,68
330,534
415,767
207,383
603,191
551,595
775,297
387,148
693,74
346,37
673,18
836,9
918,4
959,2
979,1
489,0
494,500
747,250
623,625
311,312
155,156
577,78
788,39
394,19
697,9
348,4
424,502
462,751
231,375
615,187
557,593
278,296
389,648
444,824
222,412
361,706
180,353
590,176
795,88
897,44
448,22
474,511
487,755
493,877
496,938
498,969
249,484
124,242
312,621
156,310
578,155
539,577
269,288
384,644
692,322
346,161
673,80
836,40
918,20
709,510
854,255
427,127
713,63
606,531
803,265
651,632
325,316
162,158
81,79
40,39
20,19
260,509
630,254
565,627
782,313
641,656
820,328
410,164
455,582
477,791
238,395
619,197
309,98
404,549
452,774
226,387
113,193
306,596
153,298
76,149
538,74
269,37
634,18
317,9
408,504
454,752
477,876
738,438
369,219
184,109
92,54
296,527
398,763
199,381
99,190
299,595
149,297
324,648
662,324
331,162
165,81
582,40
541,520
770,260
385,130
442,565
471,782
235,391
117,195
308,597
654,298
827,149
663,574
831,287
915,143
707,571
853,285
676,642
588,821
794,410
397,205
448,602
474,801
487,900
493,950
246,475
623,237
811,118
655,559
577,779
538,889
269,444
634,222
817,111
408,55
204,27
602,13
801,6
650,503
825,251
662,625
581,812
790,406
645,703
322,351
661,175
330,87
165,43
332,521
416,760
208,380
604,190
552,595
276,297
138,148
69,74
534,37
767,18
633,509
566,754
533,877
766,438
883,219
441,109
220,54
110,27
305,513
402,756
701,378
600,689
300,344
650,172
575,586
287,293
643,146
571,573
285,286
142,143
571,71
785,35
642,517
571,758
535,879
767,439
383,219
191,109
345,554
672,277
586,638
293,319
646,159
323,79
161,39
80,19
540,9
770,4
635,502
817,251
658,625
329,312
664,156
582,578
791,289
395,144
697,72
848,36
924,18
462,9
731,4
865,2
932,1
466,0
233,0
616,0
558,500
779,250
639,625
319,312
409,656
204,328
602,164
301,82
400,541
450,770
725,385
362,192
431,596
215,298
107,149
553,74
276,37
138,18
569,9
784,4
392,2
696,1
598,500
549,750
274,375
637,187
568,593
534,796
767,398
883,199
691,599
345,299
422,649
711,324
855,162
427,81
463,540
481,770
490,885
245,442
122,221
61,110
280,555
640,277
570,638
785,319
642,659
321,329
160,164
330,582
415,791
707,395
853,197
926,98
963,49
731,524
365,262
182,131
341,565
670,282
335,141
167,70
583,35
291,17
395,508
197,254
348,627
424,813
212,406
606,203
553,601
276,300
388,650
694,325
847,162
923,81
461,40
480,520
490,760
245,380
122,190
61,95
30,47
15,23
257,511
378,755
689,377
344,188
672,94
836,47
418,23
459,511
229,255
614,127
807,63
403,31
201,15
600,7
300,3
150,1
75,0
37,0
18,0
509,0
754,0
377,0
438,500
469,750
734,375
367,187
433,593
716,296
608,648
554,824
527,912
263,456
381,728
440,864
720,432
360,216
180,108
340,554
170,277
85,138
42,69
21,34
10,17
255,508
377,754
438,877
719,438
359,219
429,609
714,304
357,152
428,576
214,288
357,644
428,822
214,411
607,205
553,602
526,801
763,400
631,700
565,850
282,425
141,212
320,606
410,803
705,401
852,200
676,600
838,300
919,150
459,75
729,37
864,18
432,9
716,4
608,502
554,751
527,875
513,937
756,468
878,234
689,617
594,808
797,404
398,202
199,101
599,50
299,25
149,12
74,6
537,3
768,1
634,500
567,750
283,375
641,187
820,93
660,546
330,273
165,136
582,68
541,534
770,267
885,133
442,66
471,533
235,266
367,633
683,316
841,158
670,579
585,789
292,394
396,697
198,348
99,174
299,587
149,293
574,146
537,573
268,286
384,643
442,821
721,410
860,205
430,102
465,551
232,275
616,137
308,68
404,534
702,267
851,133
425,66
462,533
231,266
365,633
182,316
591,158
295,79
397,539
198,269
99,134
49,67
274,533
387,766
193,383
346,691
423,845
711,422
605,711
552,855
526,927
513,963
756,481
378,240
189,120
344,560
422,780
211,390
355,695
677,347
838,173
419,86
709,43
854,21
927,10
713,505
356,252
428,626
214,313
107,156
303,578
401,789
450,894
225,447
612,223
556,611
278,305
139,152
569,76
534,538
517,769
758,384
379,192
189,96
344,548
672,274
836,137
918,68
459,34
729,17
864,8
682,504
841,252
420,126
460,563
480,781
740,390
370,195
435,597
467,798
733,399
616,699
558,849
529,924
764,462
632,731
316,365
658,182
329,91
414,545
457,772
228,386
614,193
307,96
403,548
451,774
225,387
112,193
556,96
528,548
514,774
507,887
753,443
376,221
438,610
219,305
609,152
554,576
777,288
888,144
694,572
847,286
673,643
336,321
168,160
584,80
542,540
271,270
135,135
567,67
283,33
141,16
570,8
285,4
642,2
821,1
410,0
705,0
602,500
551,750
775,375
387,187
193,93
96,46
298,523
149,261
574,130
537,565
268,282
634,141
317,70
408,535
454,767
727,383
863,191
681,595
340,297
420,648
710,324
605,662
552,831
776,415
388,207
194,103
97,51
48,25
24,12
12,6
506,3
503,501
501,750
500,875
500,937
750,468
875,234
687,617
343,308
421,654
210,327
355,663
677,331
588,665
544,832
272,416
386,708
193,354
346,677
173,338
586,169
543,584
521,792
260,396
380,698
690,349
595,674
797,337
398,168
699,84
599,542
799,271
649,635
824,317
412,158
456,579
478,789
489,894
244,447
372,723
686,361
343,180
421,590
210,295
355,647
677,323
588,661
294,330
147,165
573,82
536,541
768,270
384,135
692,67
846,33
423,16
211,8
105,4
302,502
151,251
75,125
287,562
643,281
571,640
535,820
767,410
633,705
566,852
283,426
641,213
320,106
410,553
705,276
352,138
426,569
213,284
106,142
303,571
651,285
325,142
662,71
581,535
540,767
270,383
385,691
192,345
96,172
298,586
649,293
324,146
162,73
81,36
290,518
645,259
572,629
786,314
393,157
446,578
223,289
611,144
805,72
902,36
951,18
475,9
487,504
243,252
121,126
310,563
155,281
77,140
288,570
144,285
572,142
536,571
518,785
509,892
254,446
627,223
813,111
656,555
828,277
414,138
207,69
103,34
551,17
775,8
887,4
693,502
346,251
173,125
86,62
293,531
146,265
323,632
661,316
830,158
415,79
207,39
103,19
301,509
650,254
825,127
912,63
706,531
603,765
801,382
400,191
200,95
600,47
300,23
150,11
575,5
287,2
393,501
446,750
223,375
361,687
680,343
840,171
420,85
710,42
355,21
427,510
463,755
481,877
240,438
120,219
560,109
280,54
640,27
320,13
660,6
580,503
290,251
145,125
322,562
161,281
80,140
40,70
270,535
135,267
567,133
283,66
641,33
320,16
160,8
330,504
665,252
332,126
166,63
333,531
416,765
708,382
354,191
677,95
838,47
669,523
334,261
417,630
208,315
354,657
427,828
463,914
481,957
490,978
245,489
122,244
61,122
530,61
265,30
632,15
566,507
283,253
391,626
695,313
597,656
298,328
149,164
324,582
412,791
706,395
603,697
301,348
400,674
700,337
600,668
800,334
650,667
825,333
412,166
706,83
353,41
676,20
838,10
919,5
959,2
479,1
239,0
119,0
559,0
779,0
889,0
944,0
472,0
486,500
243,250
621,125
310,62
655,31
327,15
413,507
456,753
478,876
489,938
244,469
372,734
436,867
718,433
609,716
804,358
402,179
201,89
350,544
425,772
712,386
856,193
928,96
714,548
357,274
678,137
839,68
919,34
959,17
979,8
739,504
869,252
434,126
717,63
858,31
929,15
714,507
857,253
678,626
339,313
419,656
459,828
229,414
114,207
307,603
403,801
451,900
225,450
612,225
306,112
653,56
326,28
413,514
456,757
728,378
864,189
432,94
716,47
858,23
679,511
589,755
794,377
897,188
698,594
849,297
424,148
462,574
481,787
740,393
620,696
810,348
905,174
702,587
851,293
675,646
837,323
918,161
959,80
979,40
739,520
869,260
684,630
592,815
546,907
523,953
511,976
755,488
377,244
438,622
719,311
609,655
554,827
527,913
513,956
756,478
378,239
689,119
594,559
797,279
398,139
199,69
349,534
174,267
587,133
793,66
896,33
948,16
974,8
737,504
368,252
434,626
467,813
733,406
366,203
183,101
341,550
170,275
85,137
42,68
521,34
510,517
505,758
502,879
751,439
625,719
812,359
406,179
453,589
476,794
238,397
119,198
559,99
779,49
889,24
444,12
722,6
361,3
180,1
90,0
545,0
772,0
886,0
443,0
721,0
360,0
180,0
590,0
295,0
147,0
323,500
411,750
455,875
477,937
238,468
369,734
184,367
592,183
296,91
148,45
324,522
412,761
456,880
478,940
489,970
494,985
247,492
623,246
561,623
530,811
265,405
132,202
66,101
33,50
16,25
258,512
379,756
439,878
719,439
359,219
679,109
839,54
419,27
709,13
604,506
552,753
776,376
388,188
444,594
222,297
361,648
180,324
590,162
545,581
522,790
511,895
255,447
127,223
313,611
656,305
328,152
664,76
832,38
416,19
208,9
354,504
177,252
588,126
544,563
272,281
136,140
318,570
159,285
579,142
289,71
144,35
72,17
536,8
268,4
134,2
317,501
658,250
329,125
164,62
332,531
666,265
833,132
666,566
833,283
666,641
333,320
666,160
333,80
666,40
583,520
791,260
395,130
197,65
598,32
799,16
399,8
699,4
849,2
424,1
462,500
481,750
240,375
620,187
310,93
655,46
577,523
538,761
769,380
884,190
942,95
971,47
985,23
492,11
246,5
623,2
561,501
530,750
515,875
257,437
628,218
564,609
282,304
141,152
320,576
160,288
580,144
290,72
395,536
447,768
473,884
236,442
618,221
559,610
279,305
139,152
69,76
34,38
17,19
258,509
129,254
64,127
32,63
516,31
508,515
504,757
752,378
876,189
938,94
969,47
484,23
742,11
871,5
935,2
467,1
733,0
866,0
433,0
716,0
858,0
429,0
464,500
232,250
366,625
433,812
466,906
483,953
741,476
620,738
310,369
405,684
702,342
601,671
300,335
150,167
325,583
162,291
581,145
290,72
645,36
822,18
661,509
580,754
790,377
895,188
697,594
348,297
674,148
337,74
668,37
834,18
917,9
958,4
479,2
239,1
119,0
309,500
154,250
327,625
163,312
581,156
790,78
645,539
572,769
536,884
768,442
634,721
567,860
283,430
141,215
320,607
660,303
580,651
790,325
645,662
822,331
661,665
580,832
540,916
270,458
385,729
442,864
721,432
610,716
555,858
527,929
263,464
381,732
190,366
345,683
422,841
461,920
230,460
615,230
807,115
653,557
576,778
788,389
394,194
447,597
723,298
861,149
680,574
340,287
170,143
85,71
292,535
396,767
698,383
849,191
674,595
837,297
668,648
584,824
292,412
146,206
573,103
786,51
893,25
446,12
723,6
611,503
305,251
152,125
76,62
538,31
269,15
134,7
567,3
283,1
391,500
695,250
847,125
923,62
461,31
230,15
615,7
807,3
403,1
451,500
475,750
487,875
243,437
121,218
310,609
405,804
702,402
601,701
550,850
775,425
387,212
443,606
721,303
610,651
555,825
777,412
388,206
444,603
222,301
611,150
805,75
652,537
826,268
413,134
456,567
478,783
239,391
369,695
184,347
592,173
296,86
148,43
324,521
412,760
206,380
353,690
426,845
713,422
356,211
678,105
839,52
669,526
584,763
792,381
646,690
823,345
411,172
205,86
352,543
176,271
88,135
544,67
272,33
636,16
318,8
409,504
204,252
602,126
551,563
775,281
637,640
318,320
159,160
329,580
164,290
332,645
166,322
583,161
291,80
145,40
322,520
661,260
330,130
415,565
207,282
603,141
801,70
650,535
825,267
412,133
706,66
603,533
801,266
650,633
575,816
537,908
268,454
134,227
67,113
283,556
641,278
570,639
535,819
267,409
133,204
316,602
408,801
454,900
477,950
738,475
869,237
684,618
842,309
421,154
210,77
355,538
427,769
213,384
356,692
428,846
464,923
232,461
616,230
808,115
904,57
452,28
476,514
738,257
619,628
559,814
529,907
264,453
132,226
566,113
283,56
391,528
445,764
722,382
611,691
805,345
652,672
576,836
288,418
144,209
322,604
661,302
580,651
540,825
520,912
510,956
255,478
627,239
313,119
656,59
328,29
414,514
207,257
103,128
551,64
275,32
137,16
318,508
159,254
329,627
164,313
582,156
291,78
395,539
197,269
348,634
424,817
212,408
356,704
678,352
839,176
919,88
959,44
729,522
364,261
682,130
341,65
670,32
585,516
292,258
646,129
323,64
411,532
205,266
602,133
551,566
275,283
137,141
318,570
159,285
329,642
414,821
457,910
478,955
239,477
619,238
309,119
154,59
327,529
413,764
456,882
228,441
114,220
557,110
778,55
889,27
694,513
847,256
673,628
336,314
168,157
334,578
417,789
708,394
604,697
302,348
401,674
450,837
225,418
362,709
181,354
90,177
545,88
272,44
636,22
568,511
534,755
267,377
383,688
441,844
220,422
610,211
305,105
152,52
76,26
538,13
269,6
384,503
192,251
346,625
673,312
586,656
793,328
896,164
948,82
724,541
862,270
431,135
465,567
732,283
866,141
933,70
716,535
358,267
179,133
339,566
419,783
459,891
479,945
739,472
369,236
184,118
342,559
171,279
585,139
542,569
521,784
260,392
380,696
190,348
345,674
422,837
711,418
605,709
552,854
776,427
888,213
444,106
472,553
736,276
868,138
934,69
717,534
858,267
679,633
839,316
669,658
334,329
667,164
333,82
666,41
833,20
666,510
583,755
291,377
145,188
72,94
536,47
768,23
384,11
692,5
596,502
298,251
649,125
574,562
537,781
268,390
384,695
442,847
721,423
860,211
680,605
840,302
920,151
960,75
480,37
740,18
370,9
435,504
467,752
233,376
366,688
433,844
216,422
358,711
679,355
589,677
294,338
397,669
698,334
599,667
299,333
649,166
324,83
662,41
581,520
290,260
645,130
822,65
411,32
455,516
727,258
863,129
931,64
465,32
232,16
616,8
808,4
404,2
452,501
476,750
238,375
119,187
59,93
279,546
639,273
819,136
409,68
704,34
602,517
301,258
650,129
825,64
912,32
956,16
728,508
364,254
182,127
91,63
295,531
647,265
823,132
661,566
330,283
165,141
82,70
41,35
270,517
135,258
567,129
533,564
766,282
633,641
816,320
908,160
954,80
477,40
238,20
619,10
559,505
279,252
639,126
569,563
284,281
142,140
71,70
35,35
517,17
758,8
879,4
689,502
844,251
672,625
836,312
418,156
709,78
354,39
677,19
588,509
544,754
522,877
761,438
380,219
190,109
595,54
547,527
273,263
636,131
818,65
659,532
579,766
539,883
519,941
509,970
254,485
627,242
563,621
781,310
390,155
445,577
722,288
861,144
430,72
715,36
357,18
678,9
839,4
419,2
209,1
104,0
302,500
651,250
825,125
412,62
206,31
353,515
176,257
588,128
544,564
522,782
261,391
380,695
440,847
720,423
860,211
930,105
715,552
357,276
678,138
839,69
919,34
709,517
604,758
802,379
651,689
575,844
537,922
768,461
884,230
692,615
596,807
548,903
274,451
137,225
568,112
534,556
267,278
133,139
66,69
533,34
766,17
633,508
566,754
533,877
266,438
633,219
566,609
783,304
641,652
570,826
285,413
642,206
321,103
660,51
580,525
290,262
645,131
572,565
786,282
643,641
821,320
660,660
330,330
165,165
582,82
791,41
395,20
447,510
223,255
611,127
305,63
402,531
451,765
475,882
487,941
243,470
371,735
435,867
467,933
483,966
741,483
370,241
435,620
467,810
483,905
491,952
245,476
622,238
811,119
405,59
202,29
601,14
300,7
150,3
575,1
287,0
393,500
696,250
848,125
424,62
712,31
356,15
428,507
464,753
732,376
366,188
683,94
591,547
795,273
397,136
448,568
724,284
862,142
931,71
965,35
482,17
491,508
745,254
622,627
561,813
530,906
265,453
632,226
566,613
783,306
891,153
445,76
472,538
236,269
618,134
809,67
904,33
702,516
351,258
175,129
587,64
543,532
271,266
135,133
567,66
783,33
391,16
445,508
472,754
736,377
618,688
559,844
529,922
264,461
132,230
316,615
408,807
204,403
602,201
301,100
150,50
325,525
662,262
831,131
415,65
707,32
603,516
801,258
900,129
700,564
850,282
925,141
462,70
231,35
365,517
182,258
341,629
420,814
710,407
605,703
552,851
276,425
138,212
319,606
159,303
329,651
414,825
207,412
103,206
301,603
650,301
825,150
912,75
706,537
603,768
551,884
775,442
637,721
568,860
784,430
392,215
446,607
723,303
861,151
930,75
465,37
482,518
241,259
620,129
310,64
405,532
452,766
476,883
738,441
869,220
434,110
217,55
608,27
554,513
527,756
263,378
631,189
315,94
157,47
328,523
664,261
332,130
166,65
583,32
791,16
395,8
697,4
598,502
549,751
524,875
762,437
881,218
440,109
720,54
860,27
430,13
715,6
357,3
428,501
464,750
482,875
741,437
370,218
435,609
717,304
608,652
804,326
652,663
326,331
663,165
331,82
665,41
582,520
291,260
145,130
572,65
536,532
268,266
134,133
67,66
33,33
266,516
133,258
566,129
283,64
141,32
70,16
285,508
392,754
196,377
98,188
549,94
524,547
512,773
756,386
378,193
439,596
469,798
734,399
617,699
558,849
279,424
139,212
69,106
34,53
267,526
133,263
316,631
658,315
329,157
414,578
457,789
728,394
364,197
432,598
466,799
483,899
741,449
870,224
935,112
717,556
858,278
929,139
464,69
482,534
241,267
370,633
185,316
342,658
421,829
210,414
355,707
427,853
713,426
356,213
428,606
214,303
357,651
428,825
714,412
357,206
678,103
839,51
919,25
459,12
729,6
614,503
557,751
278,375
139,187
569,93
784,46
642,523
571,761
785,380
392,190
446,595
723,297
611,648
555,824
527,912
263,456
631,228
315,114
407,557
203,278
601,139
550,569
525,784
762,392
381,196
440,598
220,299
610,149
555,574
777,287
888,143
444,71
222,35
611,17
805,8
652,504
326,252
163,126
581,63
790,31
645,515
572,757
536,878
518,939
259,469
129,234
564,117
782,58
891,29
695,514
597,757
548,878
524,939
762,469
631,734
815,367
407,183
203,91
351,545
425,772
212,386
106,193
303,596
651,298
575,649
287,324
143,162
321,581
660,290
330,145
165,72
82,36
41,18
520,9
510,504
255,252
377,626
688,313
344,156
172,78
586,39
293,19
146,9
323,504
661,252
580,626
540,813
270,406
635,203
567,601
533,800
266,400
633,200
316,100
408,550
204,275
602,137
301,68
650,34
325,17
412,508
456,754
228,377
114,188
557,94
778,47
389,23
444,511
472,755
736,377
368,188
184,94
342,547
671,273
335,136
167,68
583,34
791,17
395,8
447,504
223,252
611,126
555,563
277,281
388,640
444,820
722,410
361,205
430,602
465,801
232,400
366,700
183,350
341,675
170,337
585,168
542,584
271,292
385,646
192,323
346,661
423,830
461,915
230,457
115,228
57,114
278,557
139,278
69,139
34,69
267,534
133,267
66,133
533,66
516,533
758,266
879,133
939,66
719,533
609,766
304,383
152,191
326,595
413,797
206,398
103,199
51,99
525,49
512,524
506,762
503,881
751,440
625,720
562,860
781,430
890,215
945,107
472,53
236,26
118,13
559,6
529,503
514,751
257,375
128,187
314,593
157,296
328,648
414,824
457,912
728,456
364,228
432,614
466,807
483,903
241,451
620,225
560,612
280,306
640,153
320,76
160,38
330,519
415,759
457,879
228,439
114,219
307,609
403,804
201,402
600,201
550,600
525,800
762,400
381,200
690,100
345,50
672,25
336,12
668,6
584,503
792,251
646,625
323,312
661,156
330,78
415,539
207,269
353,634
176,317
88,158
544,79
522,539
261,269
630,134
565,567
282,283
391,641
195,320
97,160
548,80
774,40
887,20
443,10
721,5
610,502
305,251
652,125
576,562
288,281
144,140
572,70
536,535
268,267
634,133
317,66
158,33
79,16
539,8
519,504
259,252
129,126
564,63
782,31
641,515
320,257
660,128
830,64
915,32
457,16
728,8
864,4
432,2
216,1
108,0
554,0
777,0
888,0
444,0
222,0
361,500
180,250
90,125
45,62
522,31
511,515
505,757
502,878
751,439
375,219
437,609
718,304
359,152
429,576
214,288
607,144
803,72
651,536
825,268
412,134
206,67
603,33
801,16
900,8
700,504
350,252
675,126
837,63
668,531
584,765
542,882
271,441
635,220
317,110
658,55
329,27
164,13
332,506
416,753
708,376
854,188
427,94
213,47
356,523
678,261
839,130
669,565
584,782
542,891
271,445
135,222
317,611
408,805
454,902
477,951
738,475
369,237
684,118
592,559
296,279
148,139
74,69
537,34
268,17
384,508
442,754
721,377
860,188
680,594
590,797
795,398
647,699
323,349
661,174
330,87
415,543
457,771
228,385
364,692
432,846
716,423
858,211
929,105
714,552
857,276
928,138
964,69
482,34
241,17
120,8
310,504
155,252
77,126
538,63
769,31
384,15
192,7
596,3
798,1
399,0
199,0
349,500
424,750
212,375
106,187
303,593
401,796
450,898
225,449
112,224
556,112
528,556
264,278
132,139
66,69
533,34
266,17
133,8
316,504
408,752
204,376
352,688
676,344
338,172
669,86
334,43
167,21
583,10
541,505
770,252
885,126
942,63
721,531
360,265
180,132
340,566
170,283
335,641
167,320
83,160
291,580
145,290
572,145
786,72
393,36
196,18
598,9
799,4
899,2
699,501
599,750
299,375
399,687
699,343
349,171
674,85
837,42
668,521
834,260
417,130
458,565
229,282
614,141
807,70
653,535
826,267
413,133
706,66
853,33
926,16
463,8
231,4
615,2
807,1
403,0
701,0
350,0
175,0
587,0
293,0
396,500
698,250
349,125
674,62
337,31
668,15
834,7
667,503
333,251
666,125
333,62
416,531
208,265
354,632
177,316
588,158
794,79
397,39
448,519
474,759
737,379
368,189
684,94
842,47
671,523
835,261
917,130
958,65
729,532
614,766
307,383
653,191
826,95
913,47
706,523
603,761
801,380
900,190
700,595
350,297
175,148
337,574
418,787
209,393
104,196
302,598
401,799
450,899
475,949
737,474
868,237
434,118
467,559
233,279
116,139
308,569
154,284
77,142
288,571
394,785
197,392
98,196
49,98
24,49
262,524
131,262
315,631
157,315
578,157
539,578
269,289
384,644
692,322
846,161
423,80
711,40
855,20
677,510
588,755
794,377
897,188
448,94
474,547
737,273
868,136
434,68
467,534
483,767
491,883
745,441
872,220
436,110
718,55
609,527
304,263
402,631
201,315
350,657
425,828
712,414
856,207
928,103
714,551
857,275
428,137
464,568
482,784
241,392
120,196
560,98
530,549
515,774
257,387
628,193
564,596
282,298
391,649
445,824
472,912
736,456
368,228
684,114
842,57
421,28
460,514
230,257
615,128
307,64
153,32
76,16
538,8
519,504
509,752
504,876
752,438
376,219
688,109
844,54
672,527
336,263
168,131
84,65
292,532
396,766
448,883
224,441
612,220
806,110
653,555
326,277
413,638
456,819
728,409
364,204
432,602
716,301
858,150
929,75
714,537
857,268
678,634
589,817
794,408
647,704
573,852
536,926
268,463
384,731
442,865
221,432
360,716
430,858
465,929
232,464
116,232
58,116
29,58
514,29
507,514
503,757
251,378
375,689
687,344
843,172
671,586
835,293
667,646
333,323
416,661
708,330
854,165
677,582
838,291
669,645
834,322
417,161
708,80
354,40
177,20
588,10
794,5
397,2
698,1
849,0
924,0
962,0
481,0
490,500
245,250
122,125
61,62
530,31
515,515
257,257
628,128
314,64
157,32
78,16
289,508
644,254
322,127
161,63
330,531
165,265
582,132
791,66
645,533
322,266
161,133
580,66
790,33
645,516
572,758
786,379
643,689
321,344
410,672
455,836
227,418
613,209
306,104
403,552
451,776
475,888
487,944
243,472
621,236
560,618
530,809
265,404
132,202
566,101
283,50
641,25
570,512
535,756
517,878
258,439
629,219
814,109
657,554
578,777
539,888
769,444
884,222
442,111
221,55
610,27
555,513
277,256
638,128
569,564
284,282
392,641
696,320
598,660
799,330
649,665
824,332
662,666
831,333
915,166
957,83
978,41
739,520
369,260
434,630
217,315
108,157
54,78
527,39
763,19
881,9
690,504
845,252
922,126
461,63
230,31
115,15
57,7
528,3
514,501
757,250
378,125
189,62
594,31
797,15
898,7
449,3
474,501
237,250
368,625
684,312
842,156
421,78
710,39
355,19
677,9
588,504
544,752
772,376
636,688
818,344
909,172
704,586
852,293
426,146
713,73
606,536
803,268
401,134
700,67
350,33
175,16
587,8
543,504
521,752
760,376
880,188
690,594
845,297
422,148
711,74
605,537
302,268
151,134
575,67
287,33
393,516
446,758
723,379
861,189
680,594
840,297
920,148
960,74
480,37
740,18
370,9
185,4
592,2
546,501
773,250
386,125
193,62
346,531
423,765
461,882
730,441
865,220
932,110
716,555
858,277
679,638
339,319
169,159
584,79
292,39
146,19
73,9
36,4
268,502
634,251
317,125
658,62
579,531
289,265
644,132
822,66
911,33
455,16
227,8
363,504
181,252
340,626
670,313
335,156
167,78
83,39
41,19
270,509
135,254
567,127
533,563
766,281
383,140
191,70
595,35
797,17
648,508
574,754
787,377
643,688
571,844
285,422
642,211
